use FlexPhone

insert into Staff values 
('ST001', 'Brendan Dahlmans', 'brendandahlmans@bluejack.com', '1975-6-5', 'Male', '+621352752467', '25 Forest Lane Dover, NH 03820', 10000),
('ST002', 'Maor Evans', 'maorevans@bluejack.com', '1979-12-5', 'Male', '+621352757314', '35 Maple Drive Greensburg, PA 15601', 4000),
('ST003', 'Sundar Sarkozy', 'sundarsarkozy@sunib.edu', '1989-1-1', 'Female', '+621352945158', '874 Trout Dr.Nashville, TN 37205', 2000),
('ST004', 'Heru Pape', 'herupape@bluejack.com', '1974-5-23', 'Male', '+621351597557', '971 West Church Dr.Farmington, MI 48331', 10500),
('ST005', 'Clara Parish', 'claraparish@sunib.edu', '2000-6-11', 'Female', '+621351442467', '419 Cherry Street Pittsfield, MA 01201', 9000),
('ST006', 'Tara Hibbert', 'tarahibbert@sunib.edu', '2001-11-6', 'Female', '+621352784551', '68 Lancaster Street Somerset, NJ 08873', 10000),
('ST007', 'Sarnai Toivonen', 'sarnaitoivonen@bluejack.com', '1999-1-15', 'Female','+621352944527', '8974 Winchester Dr.Beaver Falls, PA 15010', 10000),
('ST008', 'Nannie Lowry', 'nannielowry@bluejack.com', '1987-3-17', 'Female', '+621352666567', '325 Winchester Street Twin Falls, ID 83301', 11000),
('ST009', 'Caesar Kim', 'caesarkim@sunib.edu', '1968-6-11', 'Male', '+621348852467', '9230 South Evergreen Court Lapeer, MI 48446', 25000),
('ST010', 'Nikomedes Tailler', 'nikomedestailler@sunib.edu', '1970-10-10', 'Male', '+621355246998', '504 Honey Creek Court Faribault, MN 55021', 11000)

insert into Vendor values
('VE001', 'Keebler', 'keebler@bluejack.com', '+621352099954', '8915 Pine Lane Hillsborough, NJ 08844'),
('VE002', 'Schowalter', 'schowalter@bluejack.com', '+621352759777', '264 Railroad Lane Hoboken, NJ 07030'),
('VE003', 'Robel', 'robel@sunib.edu', '+621352908658', '332 Rosewood Road Buffalo, NY 14215'),
('VE004', 'Schuster', 'schuster@bluejack.com', '+621308642541', '685 North Rd.Carmel, NY 10512'),
('VE005', 'Harber', 'harber@sunib.edu', '+621398765432', '43 White Dr.Fairport, NY 14450'),
('VE006', 'Okuneva', 'okuneva@sunib.edu', '+621312345678', '8447 Smith Store St.Hartselle, AL 35640'),
('VE007', 'Heidenreich', 'heidenreich@bluejack.com', '+621352000027', '943 Peachtree Lane Fitchburg, MA 01420'),
('VE008', 'Shields', 'shields@bluejack.com', '+621352777899', '94 S. Market Drive Huntley, IL 60142'),
('VE009', 'Rath', 'rath@sunib.edu', '+621348751200', '9619 NE. Sunbeam St.Kalispell, MT 59901'),
('VE010', 'Jenkins', 'jenkins@sunib.edu', '+621355286428', '129 Wild Rose Ave.Mankato, MN 56001')

insert into Customer values
('CU001', 'Justin Admaja', 'justinadmaja@bluejack.com', '2002-5-5', 'Male', '+621352522799', '158 N. Elizabeth St.Minneapolis, MN 55406'),
('CU002', 'Edwin Hans', 'edwinhans@bluejack.com', '1999-6-6', 'Male', '+621352798887', '9037 Grant Dr.Monroe Township, NJ 08831'),
('CU003', 'Daniel Emerald', 'danielemerald@sunib.edu', '2005-6-30', 'Male', '+621352908655', '43 Pineknoll Ave.Fairfield, CT 06824'),
('CU004', 'Nicholas Setiono', 'nicholassetiono@bluejack.com', '2000-10-10', 'Male', '+621308642241', '685 North Rd.Carmel, NY 10512'),
('CU005', 'Ariel Vito', 'arielvito@sunib.edu', '1975-6-15', 'Male', '+621398762432', '4 Brickell St.Westmont, IL 60559'),
('CU006', 'Antonius Sylvano', 'antoniussylvano@sunib.edu', '1996-11-5', 'Male', '+621314445678', '695 Saxon Street Taylors, SC 29687'),
('CU007', 'Darren Ezra', 'darrenezra@bluejack.com', '1989-2-4', 'Male', '+621355670027', '7382 New St.Atlanta, GA 30303'),
('CU008', 'Joanne Julian', 'joannejulian@bluejack.com', '2003-6-15', 'Female', '+621352779089', '9214 College Lane High Point, NC 27265'),
('CU009', 'Michelle Tang', 'michelletang@sunib.edu', '1990-8-15', 'Female', '+621348752850', '405 Hawthorne St.Batavia, OH 45103'),
('CU010', 'Stevani Natasha', 'stevaninatasha@sunib.edu', '1999-12-1', 'Female', '+621355288888', '627 Wrangler Avenue Sulphur, LA 70663')

insert into PhoneBrand values
('PB001', 'Samsung'),
('PB002', 'Vivo'),
('PB003', 'Apple'),
('PB004', 'Huawei'),
('PB005', 'Nokia'),
('PB006', 'Sony'),
('PB007', 'LG'),
('PB008', 'OPPO'),
('PB009', 'Google'),
('PB010', 'OnePlus')

insert into Phone values 
('PO001', 'PB001', 'Galaxy Z Fold4', 1000000),
('PO002', 'PB002', 'V25', 2000000),
('PO003', 'PB003', '14 Pro Max', 3000000),
('PO004', 'PB004', 'P50 Pro', 4000000),
('PO005', 'PB005', 'X30', 5000000),
('PO006', 'PB006', 'Xperia 10 IV', 6000000),
('PO007', 'PB007', 'W41 Pro', 7000000),
('PO008', 'PB008', 'Reno8 Pro', 8000000),
('PO009', 'PB009', 'Pixel 7 Pro', 9000000),
('PO010', 'PB010', 'Nord N10', 10000000)

insert into Sales values
('SH001', 'ST001', 'CU001', '2021-7-01'),
('SH002', 'ST002', 'CU002', '2021-8-1'),
('SH003', 'ST003', 'CU002', '2021-8-2'),
('SH004', 'ST004', 'CU002', '2021-8-2'),
('SH005', 'ST005', 'CU003', '2021-8-8'),
('SH006', 'ST006', 'CU003', '2021-9-1'),
('SH007', 'ST007', 'CU004', '2021-9-2'),
('SH008', 'ST008', 'CU005', '2021-9-4'),
('SH009', 'ST009', 'CU006', '2021-9-7'),
('SH010', 'ST010', 'CU006', '2021-9-9'),
('SH011', 'ST006', 'CU007', '2021-9-16'),
('SH012', 'ST007', 'CU008', '2021-9-21'),
('SH013', 'ST008', 'CU009', '2021-9-25'),
('SH014', 'ST009', 'CU010', '2021-9-30'),
('SH015', 'ST010', 'CU010', '2021-9-20')

insert into SalesDetail values
('SH001', 'PO001', 1),
('SH002', 'PO001', 2),
('SH002', 'PO010', 1),
('SH003', 'PO001', 1),
('SH003', 'PO003', 1),
('SH004', 'PO001', 1),
('SH004', 'PO002', 1),
('SH005', 'PO003', 1),
('SH006', 'PO008', 2),
('SH007', 'PO004', 1),
('SH008', 'PO002', 2),
('SH009', 'PO003', 1),
('SH009', 'PO006', 3),
('SH010', 'PO008', 2),
('SH010', 'PO009', 1),
('SH010', 'PO005', 1),
('SH011', 'PO002', 1),
('SH012', 'PO001', 2),
('SH012', 'PO010', 3),
('SH013', 'PO006', 2),
('SH013', 'PO007', 1),
('SH013', 'PO008', 1),
('SH013', 'PO010', 1),
('SH014', 'PO006', 1),
('SH015', 'PO008', 1)

insert into Purchase values
('PH001', 'ST001', 'VE001', '2021-6-15'),
('PH002', 'ST001', 'VE002', '2021-7-1'),
('PH003', 'ST002', 'VE003', '2021-7-3'),
('PH004', 'ST002', 'VE004', '2021-7-4'),
('PH005', 'ST003', 'VE005', '2021-7-15'),
('PH006', 'ST004', 'VE006', '2021-8-2'),
('PH007', 'ST005', 'VE007', '2021-8-3'),
('PH008', 'ST006', 'VE008', '2021-8-6'),
('PH009', 'ST007', 'VE009', '2021-8-7'),
('PH010', 'ST008', 'VE010', '2021-8-10'),
('PH011', 'ST008', 'VE006', '2021-8-13'),
('PH012', 'ST009', 'VE007', '2021-8-17'),
('PH013', 'ST010', 'VE008', '2021-8-21'),
('PH014', 'ST010', 'VE009', '2021-8-30'),
('PH015', 'ST010', 'VE010', '2021-9-1')

insert into PurchaseDetail values
('PH001', 'PO001', 10),
('PH002', 'PO001', 5),
('PH002', 'PO010', 7),
('PH003', 'PO001', 9),
('PH003', 'PO003', 15),
('PH004', 'PO001', 20),
('PH004', 'PO002', 5),
('PH005', 'PO003', 13),
('PH006', 'PO008', 7),
('PH007', 'PO004', 11),
('PH008', 'PO002', 20),
('PH009', 'PO003', 1),
('PH009', 'PO006', 7),
('PH010', 'PO008', 20),
('PH010', 'PO009', 10),
('PH010', 'PO010', 10),
('PH011', 'PO002', 10),
('PH012', 'PO001', 20),
('PH012', 'PO010', 15),
('PH013', 'PO006', 5),
('PH013', 'PO007', 10),
('PH013', 'PO008', 10),
('PH013', 'PO010', 7),
('PH014', 'PO006', 7),
('PH015', 'PO008', 8)